day;;name;quantity;price;
16.03.2021;;;;
;;Батон;500г;19,99
;;Плов;288г;40,03
;;Котлета;82г;17,96
;;Сахар;1кг;25,89
;;Какао;100г;30,39
;;Печенье;1шт;10,49
;;Молоко;900г;29,99
;;Сырок;1шт;9,99
;;;;
17.03.2021;;;;
;;РозеткаПер;1шт;15
;;Метро;2шт;16
;;Троллейбус;1шт;8
;;Такси;1шт;67
;;Макдональдс;1шт;153
;;Маме;1шт;49
;;;;
18.03.2021;;;;
;;Иверия;1шт;50
;;Плов;240г;24
;;Котлета;88г;14
;;ГельДуш;250мл;71,88
;;МаслоПодсолн;500мл;32,7
;;Сырок;1шт;9,66
;;Молоко;900г;33,59
;;МаслоСлив;200г;43,29
;;Яйца;10шт;38,98
;;;;
19.03.2021;;;;
;;Вафли;72г;9,39
;;Шоколадка;100г;18,99
;;Баунти;57г;8,99
;;Сырок;1шт;6,49
;;;;
20.03.2021;;;;
;;;;
21.03.2021;;;;
;;Иверия;1шт;50
;;Мивина;67г;8,77
;;Шоколадка;290г;49,99
;;СырПлав;90г;15,31
;;СырПлав;90г;16,98
;;Булочки;200г;13,33
;;Печенье;155г;8,29
;;Селёдка;180г;28,19
;;Сосиски;275г;36,99
;;Котлета;154г;40,81
;;КартофЖар;222г;21,98
;;ХлопьяСмесь;800г;30,24
;;Молоко;900г;33,59
;;МукаРис;1000г;44,71
;;;;
22.03.2021;;;;
;;;;
23.03.2021;;;;
;;КрохмалКарт;500г;16,83
;;Чай;40шт;23,37
;;Сырок;1шт;9,66
;;Шоколадка;290г;49,99
;;Батон;500г;19,63
;;;;
24.03.2021;;;;
;;Но-соль спрей;10мл;45,5
;;Тантум верде;30мл;157,5
;;Термометр;1шт;146
;;Максим;;10
;;;;
25.03.2021;;;;
;;Молоко;1000г;32
;;;;
26.03.2021;;;;
;;Макдональдс;1шт;253
;;Уборка;1шт;284
;;;;
27.03.2021;;;;
;;ПастаАрахис;340г;61,99
;;КартофЖар;298г;38,44
;;Котлета;84г;18,4
;;Каштанчик;256г;20,48
;;Печенье;150г;19,19
;;Шоколадка;265г;44,89
;;;;
28.03.2021;;;;
;;;;
29.03.2021;;;;
;;БумагаТуалет;1шт;5,78
;;Мивина;67г;8,77
;;ВодаКарпатДж;2л;11,09
;;;;
30.03.2021;;;;
;;;;
31.03.2021;;;;
;;Неизвестно;1шт;632,36
;;;;
01.04.2021;;;;
;;;;
02.04.2021;;;;
;;;;
03.04.2021;;;;
;;Метро;2шт;16
;;Макдональдс;1шт;139
;;Батон;500г;20,55
;;Творог;350г;42,5
;;Банан;640г;21,06
;;Молоко;900г;25,7
;;КрупаЯчневая;700г;14,45
;;ОвощиМорож;800г;43,8
;;ВермишельКит;109г;27,9
;;Рамен;1шт;43,04
;;Батарейка;2шт;15,8
;;МакароныПаут;400г;15,9
;;Сметана;400г;24,8
;;;;
04.04.2021;;;;
;;Метро;1шт;8
;;Маршрутка;1шт;10
;;;;
05.04.2021;;;;
;;Кофе;1шт;14
;;;;
06.04.2021;;;;
;;;;
07.04.2021;;;;
;;Тимбилд;1шт;734
;;Егермейстер;700мл;329
;;;;
08.04.2021;;;;
;;;;
09.04.2021;;;;
;;Макдональдс;2шт;578
;;;;
10.04.2021;;;;
;;Сок;950мл;23,99
;;СырПлав;2шт;21,98
;;Котлета;184г;34
;;Салат;220г;17,56
;;Шоколадка;295г;48,99
;;СырПалочка;110г;14,16
;;ВитаминС;1шт;4,87
;;Печенье;250г;24,12
;;Печенье;185г;9,79
;;Селёдка;180г;28,19
;;Пельмени;400г;50,5
;;Сосиски;350г;49,29
;;ХлопьяСмесь;800г;30,24
;;;;
11.04.2021;;;;
;;Дерива;15г;290
;;Сырок;1шт;9,15
;;Бритва3шт;1шт;33,36
;;Пластырь20шт;1шт;43,83
;;Антисептик;50мл;37,48
;;ПенаБритье;200мл;78,29
;;ГельПослеБрит;200мл;92,62
;;Яблоко;630г;14,58
;;Батон;500г;19,63
;;;;
12.04.2021;;;;
;;;;
13.04.2021;;;;
;;;;
14.04.2021;;;;
;;Сырок;1шт;9,15
;;Сырок;1шт;9,79
;;СырПлав;1шт;13,59
;;Шоколадка;295г;48,99
;;Печенье;185г;9,79
;;Банан;728г;25,44
;;Батон;500г;19,63
;;Молоко;950г;26,86
;;ПастаАрахис;340г;79,99
;;Салат;200г;27,8
;;Котлета;172г;37,67
;;;;
15.04.2021;;;;
;;Водафон;1шт;120
;;Максим;1шт;10
;;;;
16.04.2021;;;;
;;Кроссовки;3шт;3 318,00
;;Джинсы;1шт;899
;;НожницыМаник;1шт;49,99
;;;;
17.04.2021;;;;
;;;;
18.04.2021;;;;
;;Макдональдс;1шт;248
;;;;
19.04.2021;;;;
;;Молоко;900г;24,99
;;КартофЖар;244г;22,03
;;Котлета;226г;41,76
;;Салат;176г;17,12
;;;;
20.04.2021;;;;
;;Иверия;1шт;50
;;Но-соль;15мл;42
;;Яйца;10шт;39,67
;;Сосиски;395г;38,85
;;ОвощиМорож;400г;21,54
;;Банан;634г;25,09
;;Яблоко;928г;22,29
;;;;
21.04.2021;;;;
;;Сыр;268г;41,58
;;Селёдка;180г;29,09
;;Молоко;950г;35,86
;;Шоколадка;90г;19,99
;;МаслоСлив;200г;48,09
;;Пельмени;1кг;85,59
;;Скидка;1шт;-64
;;;;
22.04.2021;;;;
;;;;
23.04.2021;;;;
;;Шоколадка;90г;23,9
;;;;
24.04.2021;;;;
;;Шоколадка;90г;23,39
;;Батон;500г;19,63
;;Крекер;180г;11,29
;;ХлопьяСмесь;800г;30,24
;;Пирог;30г;16,19
;;Шампунь;250мл;33,7
;;Банан;878г;30,68
;;Яблоко;908г;20,68
;;;;
25.04.2021;;;;
;;ВодаСладкая;500мл;21,99
;;Горчица;115г;6,59
;;;;
26.04.2021;;;;
;;Иверия;1шт;50
;;Батон;500г;19,63
;;Конфеты;210г;27,99
;;Котлета;144г;39,6
;;ПюреКартоф;270г;27
;;Салат;218г;29,43
;;Тимбилд;1шт;67
;;;;
27.04.2021;;;;
;;;;
28.04.2021;;;;
;;;;
29.04.2021;;;;
;;;;
;;;;
30.04.2021;;;;
;;;;
01.05.2021;;;;
;;Проценты;1шт;-98
;;Комиссия;1шт;10
;;;;
02.05.2021;;;;
;;;;
03.05.2021;;;;
;;Водафон;1шт;50
;;;;
04.05.2021;;;;
;;Водафон;1шт;200
;;;;
05.05.2021;;;;
;;;;
06.05.2021;;;;
;;;;
07.05.2021;;;;
;;Мясо;1шт;300
;;;;
08.05.2021;;;;
;;;;
09.05.2021;;;;
;;;;
10.05.2021;;;;
;;ВодаМинерал;2л;43,6
;;;;
11.05.2021;;;;
;;Белосалик;1шт;230,4
;;Скотч;45м;12,41
;;Губка;1шт;9,06
;;Мыло;90г;22,35
;;Банан;496г;16,27
;;Яблоко;534г;11,72
;;Молоко;870г;33,35
;;Батон;500г;19,63
;;Иверия;1шт;50
;;;;
12.05.2021;;;;
;;Метро;2шт;16
;;Макдональдс;1шт;146
;;;;
13.05.2021;;;;
;;Метро;2шт;16
;;Макдональдс;1шт;124
;;;;
;;;;
14.05.2021;;;;
;;БумагаТуалет;8шт;35,27
;;Шоколадка;80г;20,79
;;Мивина;67г;8,77
;;Лимон;348г;14,66
;;;;
15.05.2021;;;;
;;Сосиски;350г;65,63
;;Имбирь;132г;18,48
;;Банан;1318г;43,23
;;Яблоко;710г;18,32
;;Чай;1шт;31,09
;;Иверия;1шт;50
;;;;
16.05.2021;;;;
;;Прищепка;1шт;0,59
;;Батончик;1шт;14,82
;;Зелёнка;3мл;26,86
;;СырПлав;2шт;27,48
;;Йогурт;100г;9,19
;;Молоко;870г;25,99
;;Антисептик;50мл;19,24
;;БумагаТуалет;1шт;5,78
;;Тапочки;2шт;27,98
;;Лимон;204г;8,6
;;ХлопьяСмесь;800г;30,24
;;Батон;500г;19,63
;;;;
17.05.2021;;;;
;;;;
18.05.2021;;;;
;;Вафли;80г;8,39
;;Макдональдс;1шт;109
;;;;
;;;;
19.05.2021;;;;
;;Пирог;30г;16,19
;;Капсулы;14шт;107
;;Шоколадка;290г;54
;;Батончик;1шт;10
;;Печать;2шт;4
;;;;
20.05.2021;;;;
;;;;
21.05.2021;;;;
;;Метро;2шт;16
;;Сырок;1шт;9,8
;;КФС;1шт;126
;;Триммер;1шт;649
;;;;
22.05.2021;;;;
;;Батон;500г;20,59
;;Плов;296г;47,06
;;Биток;100г;19,9
;;Мивина;81г;12,99
;;Этикетка;1шт;0,01
;;;;
23.05.2021;;;;
;;Молоко;900г;24,99
;;Печенье;230г;28,51
;;Банан;846г;25,37
;;Яблоко;864г;22,45
;;Конфеты;225г;25,29
;;;;
24.05.2021;;;;
;;Фестиваль;1шт;2046,5
;;;;
25.05.2021;;;;
;;Макдональдс;1шт;120
;;;;
26.05.2021;;;;
;;Тимбилд;1шт;100
;;;;
27.05.2021;;;;
;;Метро;1шт;8
;;Печенье;2шт;73,5
;;Самокат;1шт;32,55
;;;;
28.05.2021;;;;
;;Такси;1шт;0
;;Тимбилд;1шт;100
;;СырПлав;220г;24,99
;;Батон;500г;19,63
;;Молоко;950г;23,09
;;Котлета;200г;60
;;Плов;252г;24,95
;;Колбаса;75г;27,49
;;Шоколадка;240г;44,89
;;;;
29.05.2021;;;;
;;;;
30.05.2021;;;;
;;Сырок;1шт;10,46
;;Яйца;10шт;30,85
;;Банан;1002г;35,01
;;Яблоко;672г;17,57
;;ХлопьяСмесь;800г;30,24
;;;;
01.06.2021;;;;
;;Тимбилд;1шт;100
;;Метро;2шт;16
;;Макдональдс;1шт;205
;;ОвощиМорож;400г;47,63
;;Батон;450г;20,55
;;Йогурт;870г;40,9
;;МаслоСлив;200г;45,9
;;;;
02.06.2021;;;;
;;;;
03.06.2021;;;;
;;Иверия;1шт;50
;;Чай;1л;20,73
;;Шоколадка;80г;22,65
;;Метро;2шт;16
;;Яблоко;504г;12,07
;;Мясо;1001г;110,06
;;Батон;450г;20,55
;;Шоколадка;2шт;25
;;;;
04.06.2021;;;;
;;Водафон;1шт;180
;;;;
05.06.2021;;;;
;;;;
06.06.2021;;;;
;;Йогурт;870г;36,45
;;Молоко;950г;30,43
;;Прованс травы;10г;2,64
;;ОвощиМорож;400г;21,54
;;Яблоко;792г;18,77
;;Банан;1084г;32,41
;;;;
07.06.2021;;;;
;;;;
08.06.2021;;;;
;;;;
09.06.2021;;;;
;;Метро;1шт;16
;;Футболка;1шт;269
;;Пакет;1шт;1
;;Носки;1шт;49
;;Трусы;2шт;158
;;Неизвестно;1шт;352,01
;;;;
10.06.2021;;;;
;;БумагаТуалет;4шт;35,92
;;;;
11.06.2021;;;;
;;Метро;2шт;16
;;Макдональдс;1шт;124
;;;;
12.06.2021;;;;
;;;;
13.06.2021;;;;
;;Метро;2шт;16
;;Карты;3шт;555
;;Макдональдс;1шт;158
;;;;
14.06.2021;;;;
;;Иверия;1шт;50
;;Пирог;30г;16,19
;;Сосиски;381г;35,7
;;Яблоко;900г;20,69
;;ХлопьяСмесь;800г;30,24
;;;;
15.06.2021;;;;
;;;;
16.06.2021;;;;
;;;;
17.06.2021;;;;
;;Метро;2шт;16
;;Квас;1,5л;25,99
;;Сырок;2шт;22,78
;;;;
18.06.2021;;;;
;;Метро;1шт;8
;;Стрижка;1шт;400
;;;;
19.06.2021;;;;
;;Фестиваль;1шт;320
;;Метро;2шт;16
;;;;
20.06.2021;;;;
;;Фестиваль;1шт;265
;;Метро;2шт;16
;;Макдональдс;1шт;111
;;СырПлав;75г;10,99
;;Банан;558г;15,62
;;Йогурт;870г;36,45
;;Яйца;10шт;26,13
;;Батон;500г;20,58
;;Мусорпакет;30шт;23,42
;;Яблоко;501г;11,52
;;БумагаТуалет;4шт;37,99
;;БумагаТуалет;1шт;6,67
;;;;
21.06.2021;;;;
;;Тимбилд;2шт;200
;;;;
22.06.2021;;;;
;;;;
23.06.2021;;;;
;;;;
24.06.2021;;;;
;;Тимбилд;1шт;130
;;Макдональдс;1шт;220
;;Метро;1шт;8
;;;;
25.06.2021;;;;
;;;;
26.06.2021;;;;
;;Газировка;300мл;16,79
;;СырПалочка;110г;11,99
;;Банан;990г;28,7
;;Яблоко;1074г;20,4
;;Йогурт;870г;36,45
;;Вафли;216г;22,96
;;Гречка;1кг;43,9
;;Молоко;900г;30,08
;;Батон;500г;19,63
;;Подарок;1шт;895
;;Презервативы;12шт;76,4
;;;;
27.06.2021;;;;
;;;;
28.06.2021;;;;
;;;;
29.06.2021;;;;
;;Метро;2шт;16
;;Макдональдс;1шт;180
;;;;
30.06.2021;;;;
;;Пицца;2шт;290
;;Метро;2шт;16
;;;;
01.07.2021;;;;
;;;;
02.07.2021;;;;
;;Тимбилд;1шт;100
;;Метро;3шт;24
;;Макдональдс;1шт;157
;;Сок;950мл;25,99
;;СырПлав;70г;13,8
;;Шоколадка;90г;20,7
;;Газировка;1,5л;22,4
;;Батон;1шт;20,12
;;;;
03.07.2021;;;;
;;;;
04.07.2021;;;;
;;Метро;2шт;16
;;Макдональдс;1шт;106
;;Майка;1шт;149
;;Шорты;1шт;349,3
;;ВодаМинерал;1,5л;26,18
;;Пакет;1шт;2,5
;;Батон;500г;22
;;ХлопьяСмесь;500г;33,99
;;Гречка;1кг;37,5
;;Йогурт;870г;38,38
;;Молоко;870г;24,6
;;МаслоПодсолн;750мл;56,49
;;Майонез;580г;43,9
;;МаслоСлив;200г;45,9
;;Банан;158г;4,57
;;Яблоко;228г;7,28
;;;;
05.07.2021;;;;
;;Водафон;1шт;180
;;;;
06.07.2021;;;;
;;Метро;2шт;16
;;Выпечка;1шт;17,49
;;Сок;950г;29,59
;;;;
07.07.2021;;;;
;;Иверия;2шт;100
;;Макдональдс;1шт;195
;;Метро;1шт;8
;;;;
08.07.2021;;;;
;;Метро;2шт;16
;;Рубашка;2шт;1 018,00
;;ОвощиМорож;400г;21,13
;;СырПлав;2шт;29,42
;;Прованс травы;10г;2,64
;;Молоко;900г;20,15
;;Пудинг;1шт;9,15
;;Мыльница;1шт;24,76
;;Мыло;1шт;22,99
;;Яблоко;1144г;25,04
;;Йогурт;870г;36,45
;;Батон;500г;19,63
;;Яйца;10шт;27,84
;;;;
09.07.2021;;;;
;;Пилочка;1шт;39,9
;;Щипцы;1шт;118,3
;;ПастаВолосы;100мл;95,2
;;Дезодорант;50мл;53,52
;;Пинцет;1шт;39,99
;;Расческа;2шт;99,98
;;УгольАктив;1шт;5
;;ВодаМинерал;500мл;16,21
;;Мясо;626г;107,22
;;РезинкаЖеват;10шт;12,44
;;Конфета;25,2г;10,72
;;Мивина;29,2г;5,89
;;ВодаМинерал;1,5л;14,53
;;;;
10.07.2021;;;;
;;;;
11.07.2021;;;;
;;Сок;200мл;7,29
;;Круассан;1шт;17,29
;;Рулетик;1шт;10,99
;;Сметана;400г;31,64
;;;;
12.07.2021;;;;
;;Дерива СМС;1шт;321,22
;;Метро;2шт;16
;;Сидр;1шт;29
;;Хотдог;1шт;29
;;Макдональдс;1шт;79
;;Сидр;1шт;27,29
;;;;
13.07.2021;;;;
;;Батон;400г;16,41
;;Селедка;180г;29,09
;;СырПлав;70г;13,24
;;Шоколад;85г;26,72
;;Печенье;185г;11,64
;;Печенье;155г;13,44
;;Метро;2шт;16
;;Самокат;1шт;18,42
;;ВодаМинерал;1л;29,99
;;Макдональдс;1шт;125
;;;;
14.07.2021;;;;
;;;;
15.07.2021;;;;
;;Мороженное;1шт;31,95
;;БумагаТуалет;1шт;6,67
;;Банан;680г;19
;;Макароны;500г;30,99
;;Батон;500г;19,63
;;СырПлав;360г;50,36
;;МаслоСлив;200г;53,84
;;ХлопьяСмесь;800г;30,24
;;Молоко;870г;28,49
;;;;
16.07.2021;;;;
;;;;
17.07.2021;;;;
;;Тимбилд;1шт;100
;;;;
18.07.2021;;;;
;;Самокат;1шт;42,11
;;Макдональдс;1шт;100
;;Пакет;1шт;2,89
;;СырПлав;180г;25,18
;;Шоколадка;57г;14,38
;;Йогурт;290г;18,49
;;Йогурт;870г;36,45
;;СырПалочка;110г;14,99
;;Торт;850г;216,89
;;;;
19.07.2021;;;;
;;;;
20.07.2021;;;;
;;Уборка;1шт;267
;;;;
21.07.2021;;;;
;;Метро;2шт;16
;;Макдональдс;1шт;34
;;ПузатаХата;1шт;164
;;БумагаТуалет;16шт;42,16
;;Лимон;136г;5,74
;;Шоколадка;30г;11,86
;;Витамин;30г;5,54
;;Чай;1л;11,69
;;Батон;500г;19,63
;;Сок;1л;29,39
;;Тантум верде;30мл;153,1
;;;;
22.07.2021;;;;
;;Самокат;1шт;41,11
;;ЕдаФудТрак;1шт;150
;;Метро;1шт;8
;;КартофЖар;318г;52,15
;;Котлета;194г;46,37
;;Борщ;1шт;25,8
;;СырПлав;90г;16,29
;;Йогурт;550г;23,99
;;Батон;450г;20,59
;;;;
23.07.2021;;;;
;;Яблоко;1008г;24,3
;;Банан;444г;11,3
;;Мандарин;882г;51,06
;;Сыр;180г;30,45
;;Кефир;450г;20,99
;;Йогурт;800г;44,65
;;Молоко;950г;21,69
;;Сок;950мл;32,69
;;Вода;1,5л;14,53
;;Батончик;1шт;20,49
;;Батончик;1шт;18,89
;;Роллини;1шт;16,9
;;Ролтон;1шт;13,9
;;КартофЖар;356г;58,38
;;Биток;228г;49,93
;;Салат;178г;26,52
;;Борщ;1шт;20,7
;;ПтичьеМолоко;218г;27,03
;;;;
24.07.2021;;;;
;;Духи;100мл;638
;;KFC;1шт;34
;;Метро;2шт;16
;;Макдональдс;1шт;34
;;Пакет;1шт;2,5
;;КартаЛоял;1шт;1
;;Мясо;925г;122,48
;;Мясо;452г;90,38
;;Рис;1кг;43,8
;;Пшоно;1кг;17,07
;;Пшенична;1кг;16
;;Булгур;1200г;49,74
;;Гречка;1кг;37,5
;;Рис;1кг;67,64
;;КрупаЯчневая;1кг;16
;;Молоко;900г;29,55
;;Йогурт ;550г;26,5
;;Лейка;1шт;18
;;Друшляк;1шт;64
;;Контейнер;6шт;186,9
;;;;
25.07.2021;;;;
;;;;
26.07.2021;;;;
;;Метро;3шт;24
;;Макдональдс;1шт;58
;;;;
27.07.2021;;;;
;;Метро;3шт;24
;;Макдональдс;1шт;54
;;;;
28.07.2021;;;;
;;Метро;2шт;16
;;;;
29.07.2021;;;;
;;Метро;2шт;16
;;Макдональдс;1шт;163
;;Сок;500мл;17,99
;;ПастаАрахис;400г;109
;;;;
30.07.2021;;;;
;;Макдональдс;1шт;82
;;Вода;500мл;17,3
;;Банан;422г;10,38
;;Яблоко;394г;10,76
;;Батон;250г;11,28
;;Молоко;870г;28,49
;;Йогурт;550г;37,33
;;Йогурт;750г;40,3
;;Вода;1л;11,76
;;Пакет;1шт;2,89
;;;;
31.07.2021;;;;
;;Метро;2шт;16
;;Круасан;1шт;12
;;Вода;1л;20
;;;;
01.08.2021;;;;
;;Выпечка;110г;15,12
;;Выпечка;110г;18,16
;;Выпечка;110г;18,16
;;Выпечка;110г;12,99
;;ХлопьяСмесь;800г;30,24
;;СырПлав;180г;33,56
;;СырПлав;140г;19,98
;;Селёдка;180г;29,09
;;Банан;384г;9,77
;;Яблоко;340г;9,28
;;Печенье;300г;20,58
;;Печенье;340г;25,1
;;Прованс травы;30г;7,92
;;Сахар;1кг;28,94
;;;;
02.08.2021;;;;
;;Вафли;68г;9,88
;;Батончик;40г;7,49
;;Сырок;40г;9,8
;;Сок;950мл;27,82
;;;;
03.08.2021;;;;
;;;;
04.08.2021;;;;
;;Метро;2шт;16
;;Почта;1шт;10
;;Макдональдс;1шт;102
;;Хлебный;1шт;125
;;Сидр;1шт;39
;;;;
05.08.2021;;;;
;;Водафон;1шт;200
;;Круассан;1шт;9,55
;;Выпечка;1шт;26,94
;;Кальмар;36г;18,89
;;КукурПал;150г;10,65
;;Сок;950мл;19,79
;;Шоколад;85г;27
;;Чай;1шт;19,4
;;;;
06.08.2021;;;;
;;Сидр;1шт;37,1
;;Отпуск;1шт;185,61
;;;;
07.08.2021;;;;
;;Тимбилд;1шт;100
;;;;
08.08.2021;;;;
;;Хот-дог;1шт;49,9
;;Шоколад;90г;22,3
;;Вода;1,5л;24,5
;;Квас;2л;22,1
;;;;
09.08.2021;;;;
;;СырПлав;180г;29,56
;;СырПлав;180г;29,56
;;Пирог;30г;15,59
;;Сырок;40г;9,8
;;Батон;250г;11,28
;;Йогурт;800г;44,65
;;Молоко;950г;23,09
;;Сыр;302г;52,41
;;Вода;1,5л;14,53
;;Гречка;1кг;43,09
;;Яблоко;1082г;26,09
;;Суп;250г;25
;;Банан;944г;24,02
;;Отбивная;132г;31,02
;;ПастаКарбон;284г;56,52
;;Нимесил;30шт;333
;;Метро;2шт;16
;;;;
10.08.2021;;;;
;;Пицца;2шт;312,5
;;Метро;1шт;8
;;Самокат;2шт;70,65
;;Стоматология;1шт;650
;;;;
11.08.2021;;;;
;;Тимбилд;2шт;200
;;;;
12.08.2021;;;;
;;ОполаскРот;250мл;83,9
;;Аугментин;14шт;124,8
;;Л-цет;10шт;41,1
;;Пакет;1шт;0,1
;;Шоколад;85г;26,72
;;Батон;250г;11,28
;;Йогурт;1600г;89,3
;;Сок;950мл;27,82
;;;;
13.08.2021;;;;
;;Метро;2шт;16
;;Макдональдс;1шт;34
;;Майка;2шт;278
;;Трусы;2шт;158
;;;;
14.08.2021;;;;
;;ЗеБургер;1шт;280
;;Самокат;2шт;128,02
;;Тимбилд;1шт;100
;;Метро;2шт;16
;;Макдональдс;1шт;202
;;;;
15.08.2021;;;;
;;;;
16.08.2021;;;;
;;Молоко;950г;24,99
;;Пакет;1шт;2,49
;;Молоко;870г;26,99
;;Йогурт;800г;41,19
;;Банан;1068г;14,77
;;Йогурт;500г;42,99
;;;;
17.08.2021;;;;
;;Сырок;40г;9,8
;;Выпечка;105г;15,97
;;Шоколад;85г;26,72
;;Йогурт;500г;58,92
;;Батон;500г;20,58
;;Масло;200г;37,99
;;Сырок;200г;42,16
;;ПудраСахар;200г;8,52
;;Сахар;1кг;28,94
;;Молоко;870г;19,9
;;Йогурт;800г;44,65
;;Аугментин;7шт;62,4
;;;;
18.08.2021;;;;
;;;;
19.08.2021;;;;
;;;;
20.08.2021;;;;
;;Выпечка;1шт;30,18
;;;;
21.08.2021;;;;
;;Метро;2шт;16
;;ВодаМинерал;1,5л;19,9
;;Сырок;1шт;12,5
;;Макдональдс;1шт;53
;;;;
22.08.2021;;;;
;;;;
23.08.2021;;;;
;;;;
24.08.2021;;;;
;;;;
25.08.2021;;;;
;;Макдональдс;1шт;325
;;Сырок;1шт;9,8
;;Сыр;350г;44,99
;;Хлеб;500г;23,25
;;Яйца;10шт;31,36
;;Картофель;1270г;6,97
;;Банан;926г;23,49
;;Хлеб;950г;24,28
;;Молоко;950г;26,39
;;Йогурт;800г;45,23
;;ВодаМинерал;1,5л;10,19
;;;;
26.08.2021;;;;
;;;;
27.08.2021;;;;
;;Сырок;1шт;9,8
;;Выпечка;1шт;11,99
;;Пельмени;800г;85,59
;;КартофЖар;306г;42,84
;;Котлета;74г;19,76
;;Отбивная;194г;47,53
;;СырПлав;90г;12,59
;;Пиво;3шт;205,65
;;;;
28.08.2021;;;;
;;Такси;1шт;69
;;Самокат;1шт;39,28
;;Метро;1шт;8
;;Макдональдс;1шт;156
;;Макдональдс;1шт;29
;;;;
29.08.2021;;;;
;;;;
30.08.2021;;;;
;;СветДиодЛента;5м;549
;;;;
31.08.2021;;;;
;;;;
01.09.2021;;;;
;;БумагаТуалет;1шт;6,67
;;Вата;1шт;16,31
;;Мохито;1л;16,8
;;Сырок;40г;9,8
;;Батончик;57г;14,24
;;Десерт;350г;41,98
;;Десерт;230г;29,28
;;Конфеты;80г;59,71
;;Рыбнполфабр;500г;59,25
;;Рыбнполфабр;500г;59,25
;;Блины;370г;38,09
;;Сырники;500г;91,55
;;Чай;20шт;33,12
;;Печенье;185г;11,24
;;Батон;250г;10,8
;;Шоколад;100г;25,34
;;СырПлав;180г;25,18
;;Специи;2г;2,77
;;Специи;20г;3,48
;;Специи;10г;4,79
;;Специи;20г;2,39
;;Специи;15г;7,04
;;Специи;17г;4,58
;;Специи;20г;2,31
;;Специи;10г;3,54
;;Специи;20г;15,04
;;Специи;10г;1,07
;;Специи;70г;37,14
;;Специи;20г;2,93
;;Специи;25г;14,25
;;Специи;80г;7,76
;;Специи;15г;9,32
;;Специи;10г;3,12
;;Сосиски;300г;29,99
;;Селёдка;180г;29,09
;;Йогурт;250г;24,89
;;Сок;950мл;46,85
;;МаслоОлив;500мл;109,99
;;ОполаскРот;750мл;209,1
;;;;
02.09.2021;;;;
;;ВодаМинерал;1,5л;12,79
;;Вино;750мл;89
;;;;
03.09.2021;;;;
;;Самокат;1шт;29,78
;;Метро;1шт;8
;;;;
04.09.2021;;;;
;;Водафон;1шт;180
;;Макдональдс;1шт;122
;;;;
05.09.2021;;;;
;;Кофе;1шт;40
;;Батончик;85г;22,24
;;Шоколад;85г;26,72
;;Выпечка;1шт;15,99
;;Печенье;300г;18,48
;;Яблоко;632г;11,61
;;Батон;250г;11,28
;;Молоко;950г;39,16
;;Банан;520г;11,94
;;Йогурт;550г;24,89
;;Торт;500г;149,99
;;;;
06.09.2021;;;;
;;Окрошка;410г;26,4
;;Плов;406г;50,87
;;Рис;310г;33,42
;;Котлета;278г;46,51
;;Выпечка;1шт;11,89
;;ПастаАрахис;340г;109
;;Выпечка;210г;22,99
;;;;
07.09.2021;;;;
;;Борщ;374г;19,64
;;Окрошка;350г;22,54
;;Желе;222г;19,27
;;Желе;222г;16,94
;;Йогурт;460г;35,98
;;Плов;312г;39,09
;;;;
08.09.2021;;;;
;;Кондитерская;5шт;40
;;Метро;2шт;16
;;Тизалуд;30шт;120,66
;;Мелоксикам;20шт;45,8
;;;;
09.09.2021;;;;
;;;;
10.09.2021;;;;
;;Кондитерская;7шт;44
;;Зубная щетка;1шт;101,1
;;Гематоген;50г;15
;;Белосалик;50мл;183,63
;;Контейнер;1шт;7,4
;;УгольАктив;20шт;10
;;УгольБелый;24шт;49,7
;;Метро;2шт;16
;;Пицца;2шт;295,5
;;СупРамен;375г;155
;;;;
11.09.2021;;;;
;;Парацетамол;10шт;10
;;Нурофен;12шт;90
;;;;
12.09.2021;;;;
;;;;
13.09.2021;;;;
;;Гематоген;50г;15
;;Контейнер;1шт;8,3
;;Метро;1шт;8
;;Fairy;1л;23,95
;;БумагаТуалет;4шт;32,95
;;БумажПолот;2шт;17,95
;;;;
14.09.2021;;;;
;;Макдональдс;1шт;359
;;;;
15.09.2021;;;;
;;Батон;250г;11,83
;;Сырок;40г;7,39
;;Шоколад;90г;33,37
;;СырПлав;2шт;30,88
;;Банан;894г;20,55
;;Сушки;340г;25,1
;;Селёдка;180г;29,09
;;Колбаса;80г;37,93
;;Яблоко;670г;13,86
;;ХлопьяСмесь;800г;30,24
;;Йогурт;800г;47,5
;;Сок;1,45л;39,99
;;Вода;1,5л;12,54
;;;;
16.09.2021;;;;
;;Метро;2шт;16
;;Вафли;34г;5,04
;;КальмарКол;36г;21,9
;;;;
17.09.2021;;;;
;;Метро;1шт;8
;;;;
18.09.2021;;;;
;;Сырок;36г;10,6
;;Шоколад;90г;33,37
;;СырПлав;2шт;30,88
;;ЗубПаста;100мл;71,99
;;Мыло;300мл;49,1
;;Сушки;340г;21,38
;;Банка;200мл;22,32
;;Носки;1шт;39,33
;;Тапки;1шт;13,99
;;Шампунь;250мл;34,7
;;ГельДуш;400мл;110,81
;;Сок;0,95л;28,97
;;Йогурт;800г;47,5
;;Печенье;185г;11,44
;;Молоко;950г;35,42
;;Банка;1,5л;47,99
;;;;
19.09.2021;;;;
;;;;
20.09.2021;;;;
;;Лимон;176г;12
;;Яблоко;592г;10,21
;;Йогурт;750г;40,3
;;Банан;936г;27,9
;;Имбирь;178г;18
;;МаслоСлив;200г;57,16
;;Батон;250г;11,83
;;Желе;186г;16,14
;;КартофЖар;362г;41,56
;;Биток;226г;34,65
;;Салат;172г;18,54
;;Борщ;408г;19,7
;;;;
21.09.2021;;;;
;;РисОвощ;304г;32,77
;;Биток;112г;17,17
;;Котлета;204г;34,13
;;СырПлав;90г;17,19
;;ПтичьеМолоко;188г;16,32
;;Десерт;204г;32,44
;;Борщ;402г;19,41
;;;;
22.09.2021;;;;
;;БумагаТуалет;4шт;48,9
;;Finish соль;1.5кг;79,9
;;Finish ополаск;400мл;92,9
;;Котлета;174г;21,8
;;Картофель;346г;39,72
;;Котлета;198г;33,13
;;Бурито;272г;41,89
;;Хлеб;475г;16,69
;;Борщ;372г;17,96
;;ПастаАрахис;340г;84,99
;;;;
23.09.2021;;;;
;;Йогурт;800г;41,19
;;Каштанчик;210г;24,99
;;Сок;950мл;25,69
;;Хлеб;475г;15,99
;;Лапша;326г;47,69
;;Мясо;266г;55,59
;;Йогурт;500г;33,99
;;СырПлав;90г;19,49
;;;;
24.09.2021;;;;
;;;;
25.09.2021;;;;
;;Метро;2шт;16
;;Макдональдс;1шт;65
;;Цуца;1шт;50
;;;;
26.09.2021;;;;
;;;;
27.09.2021;;;;
;;Сосиски;350г;68,77
;;СырПлав;180г;29,42
;;Сырок;40г;9,65
;;Яблоко;858г;9,43
;;ОвощиМорож;400г;22,52
;;Молоко;950г;38,94
;;Шоколад;85г;26,72
;;Йогурт;750г;40,3
;;Яйца;10шт;34,64
;;Сок;950мл;28,99
;;Сушки;340г;18,19
;;;;
28.09.2021;;;;
;;Плов;274г;34,33
;;Блины;326г;46,94
;;Кондитер;254г;40,39
;;ПтичьеМолоко;214г;18,58
;;Хлеб;370г;19,98
;;;;
29.09.2021;;;;
;;ТочилкаНож;1шт;30
;;Пицца;200г;25,84
;;Пельмени;1кг;85,59
;;Блины;370г;27,39
;;Шоколад;90г;33,37
;;Селёдка;180г;29,09
;;Сардина;230г;38,36
;;ИкраКабач;480мл;22,49
;;БумагаТуалет;1шт;6,67
;;;;
30.09.2021;;;;
;;Чайник;800мл;265
;;ЧайСиний;30г;78
;;ПастаОрех;350г;69,99
;;КартофЖар;252г;28,93
;;Котлета;192г;32,12
;;Салат;168г;18,11
;;Батон;225г;12,59
;;ПтичьеМолоко;218г;18,92
;;;;
01.10.2021;;;;
;;Тимбилд;1шт;100
;;;;
02.10.2021;;;;
;;ПтичьеМолоко;188г;16,32
;;Суп;388г;20,09
;;Рис;282г;30,4
;;Котлета;82г;13,72
;;Котлета;48г;6,01
;;Салат;160г;21,17
;;Бурито;270г;41,58
;;Простыня;1шт;399
;;Отвертка;1шт;79
;;Рулетка;3м;35
;;Метро;2шт;16
;;;;
03.10.2021;;;;
;;;;
04.10.2021;;;;
;;Сырок;40г;9,65
;;Прованс травы;10г;2,64
;;Чай;250г;175,52
;;Кофе;100г;36,85
;;Батон;250г;11,83
;;ХлопьяСмесь;800г;30,24
;;Печенье;300г;18,48
;;Молоко;950г;38,94
;;Сок;950мл;28,99
;;;;
05.10.2021;;;;
;;Трубочки;40г;9,55
;;Шоколад;85г;26,53
;;Печенье;300г;18,48
;;Водафон;1шт;200
;;Метро;1шт;8
;;Выпечка;90г;16,9
;;Пицца;150г;22,9
;;Макдональдс;1шт;133
;;Шоколад;85г;22,8
;;Имбирь;142г;14,62
;;Лимон;246г;8,37
;;Сок;0,95л;48,13
;;Батон;400г;18,94
;;СырПлав;75г;15,44
;;СырПлав;75г;11,49
;;Селёдка;180г;29,09
;;;;
06.10.2021;;;;
;;;;
07.10.2021;;;;
;;;;
08.10.2021;;;;
;;;;
09.10.2021;;;;
;;Мусорпакет;30шт;36,99
;;БумагаТуалет;12шт;131,35
;;;;
10.10.2021;;;;
;;;;
11.10.2021;;;;
;;Пицца;2шт;295,5
;;Чаевые;1шт;40
;;Батончик;51г;13,83
;;Батончик;57г;14,24
;;Печенье;185г;11,44
;;Шоколад;90г;17,89
;;Печенье;300г;18,48
;;Банан;766г;26,7
;;Батон;400г;19,83
;;Молоко;950г;38,94
;;Йогурт;800г;47,5
;;Сок;950мл;26,99
;;;;
12.10.2021;;;;
;;;;
13.10.2021;;;;
;;;;
14.10.2021;;;;
;;Макдональдс;1шт;269
;;Метро;3шт;24
;;;;
15.10.2021;;;;
;;Анализ;1шт;230
;;СырПлав;70г;15,44
;;СырПлав;75г;14,99
;;Шоколад;90г;17,89
;;Десерт;90г;16,39
;;Десерт;90г;16,39
;;Печенье;150г;16,89
;;Выпечка;105г;12,99
;;Батончик;57г;14,24
;;Яйца;10шт;34,92
;;Макароны;500г;30,99
;;Кетчуп;250г;13,94
;;Соус;200г;24,16
;;Селёдка;180г;29,09
;;Соус;200г;20,12
;;ИкраКабач;500г;33,09
;;Соус;200г;22,64
;;Макароны;500г;29,89
;;Йогурт;750г;40,3
;;Молоко;950г;38,94
;;Банан;1170г;40,77
;;Яблоко;674г;6,73
;;;;
16.10.2021;;;;
;;;;
17.10.2021;;;;
;;Метро;2шт;16
;;Выпечка;50г;10,92
;;Шоколад;50г;10,29
;;Макдональдс;1шт;99
;;Вода;1л;13,9
;;Сахар;1кг;27,4
;;Вода;1,5л;11,49
;;Гречка;1кг;39,5
;;Рамен;2шт;75,8
;;Наволочка;2шт;114,8
;;;;
18.10.2021;;;;
;;Подарок;1шт;1 000,00
;;Пицца;1шт;24,49
;;Хлеб;282г;14,1
;;Бурито;306г;47,12
;;КартофЖар;348г;57,07
;;Батончик;1шт;13,59
;;Самокат;1шт;27,24
;;Метро;1шт;8
;;Кино;1шт;140
;;;;
19.10.2021;;;;
;;;;
20.10.2021;;;;
;;Макдональдс;1шт;69
;;Такси;1шт;64
;;;;
21.10.2021;;;;
;;Хлеб;350г;14,79
;;Йогурт;800мл;28,99
;;Сырок;36г;8,99
;;Десерт;500г;49,99
;;ПтичьеМолоко;260г;22,57
;;РисОвощ;316г;34,06
;;ФилеКур;226г;47,23
;;Салат;150г;19,32
;;КусКус;202г;20,36
;;Бурито;270г;41,58
;;Сырок;40г;10,31
;;Десерт;120г;15,99
;;Печенье;155г;14,65
;;Печенье;150г;23,68
;;Шоколад;180г;50,68
;;Блины;370г;29,86
;;Яблоко;400г;5,15
;;Банан;864г;22,89
;;Сосиски;300г;41,17
;;Котлета;500г;109,42
;;Молоко;950г;39,13
;;;;
22.10.2021;;;;
;;КартофЖар;314г;36,05
;;Котлета;262г;43,03
;;ПтичьеМолоко;214г;18,58
;;Выпечка;1шт;11,89
;;Салат;200г;27,86
;;;;
23.10.2021;;;;
;;;;
24.10.2021;;;;
;;;;
25.10.2021;;;;
;;БумагаТуалет;1шт;6,67
;;Выпечка;105г;16,91
;;Шоколад;90г;25,34
;;Селёдка;180г;29,09
;;Йогурт;60г;16,89
;;СырПлав;75г;13,24
;;СырПлав;75г;13,24
;;Колбаса;80г;32,89
;;Сардина;230г;38,36
;;СырСлив;180г;44,35
;;Колбаса;450г;62,69
;;Метро;2шт;16
;;БПШ;1шт;89
;;;;
26.10.2021;;;;
;;РисОвощ;262г;28,24
;;Мясо;192г;40,13
;;КартофЖар;258г;29,62
;;Бурито;276г;42,5
;;Сок;950мл;36,79
;;ПтичьеМолоко;228г;19,79
;;Хлеб;350г;14,79
;;;;
27.10.2021;;;;
;;Печенье;155г;12,59
;;КусКус;322г;32,46
;;КартофЖар;314г;36,05
;;ФилеКур;100г;20,9
;;Салат;172г;20,35
;;ПтичьеМолоко;198г;17,19
;;;;
28.10.2021;;;;
;;Бурито;274г;42,2
;;ФилеКур;116г;24,24
;;Удон;258г;39,55
;;Сок;950мл;33,39
;;ПтичьеМолоко;214г;18,58
;;;;
29.10.2021;;;;
;;;;
30.10.2021;;;;
;;Сидр;1л;49
;;Самокат;1шт;30,13
;;;;
31.10.2021;;;;
;;Самокат;1шт;36,58
;;Шоколад;90г;25,34
;;Батончик;57г;14,83
;;Печенье;350г;44,43
;;БумажПолот;2шт;26,51
;;Мусорпакет;10шт;47,42
;;Спички;10шт;7,2
;;;;
01.11.2021;;;;
;;Такси;1шт;92
;;Самокат;1шт;42,5
;;;;
02.11.2021;;;;
;;;;
03.11.2021;;;;
;;Пицца;1шт;85
;;;;
04.11.2021;;;;
;;Шоколад;90г;21,03
;;Прованс травы;10г;2,64
;;РезинкиВолос;10шт;19,99
;;Йогурт;550г;39,23
;;Салфетки;15шт;8,92
;;Хлеб;400г;8,13
;;Макароны;500г;29,89
;;МаслоСлив;200г;57,16
;;Яблоко;540г;5,59
;;Пельмени;900г;88,19
;;Банан;376г;11,6
;;ОвощиМорож;400г;21,13
;;Молоко;950г;39,11
;;Сок;950мл;20,29
;;ХлопьяСмесь;700г;26,19
;;;;
05.11.2021;;;;
;;Водафон;1шт;200
;;;;
06.11.2021;;;;
;;;;
07.11.2021;;;;
;;Батончик;57г;14,83
;;Рыбнполфабр;500г;59,25
;;Рыбнполфабр;500г;59,25
;;Вафли;72г;10,29
;;Вафли;72г;10,27
;;Банан;1014г;31,27
;;Печенье;155г;15,52
;;Шоколад;90г;21,03
;;Попкорн;100г;12,79
;;Хлеб;350г;16,75
;;Сушки;420г;27,79
;;БумажПолот;2шт;26,51
;;БумагаТуалет;12шт;125,69
;;;;
08.11.2021;;;;
;;Удлинитель;2м;600
;;;;
09.11.2021;;;;
;;;;
10.11.2021;;;;
;;Метро;2шт;16
;;Макдональдс;1шт;125
;;Ролтон;75г;13,5
;;Лоток;1шт;21
;;Печенье;155г;11
;;Гречка;1кг;41,4
;;Батончик;57г;12,2
;;;;
11.11.2021;;;;
;;Чай;20шт;33,49
;;Батон;500г;22,39
;;Хлеб;350г;14,79
;;;;
12.11.2021;;;;
;;Метро;2шт;16
;;Макдональдс;1шт;67
;;;;
13.11.2021;;;;
;;Бодо;1шт;450
;;;;
14.11.2021;;;;
;;;;
15.11.2021;;;;
;;Метро;2шт;16
;;Макдональдс;2шт;174
;;Рыбнполфабр;500г;56,6
;;Хлеб;300г;21,99
;;Мясо;1138г;158,18
;;Печенье;155г;11
;;Печенье;155г;11
;;Молоко;950г;29,9
;;Вафли;80г;8,3
;;Яйца;10шт;32,5
;;Печенье;2шт;20,2
;;Майонез;520г;54,99
;;Сок;200мл;6,5
;;Шоколад;85г;21,27
;;Селёдка;250г;47,84
;;Молоко;950г;29,9
;;СырПлав;75г;13,6
;;СырПлав;75г;13,6
;;Рамен;1шт;44,52
;;;;
16.11.2021;;;;
;;;;
17.11.2021;;;;
;;Печать;1шт;2,5
;;Шоколад;90г;21,19
;;Батон;400г;19,83
;;Печенье;195г;13,49
;;Шоколад;55г;36,27
;;;;
18.11.2021;;;;
;;;;
19.11.2021;;;;
;;Хачапури;1шт;80
;;;;
20.11.2021;;;;
;;Шоколад;80г;13,89
;;Шоколад;80г;13,89
;;СырСлив;180г;46,55
;;Сметана;350г;35,5
;;Банан;748г;18,66
;;Рыбнполфабр;500г;59,25
;;Блины;370г;29,86
;;БумагаТуалет;1шт;6,67
;;Сушки;340г;19,09
;;Вода;1,5л;14,07
;;Метро;1шт;8
;;;;
21.11.2021;;;;
;;;;
22.11.2021;;;;
;;Вода;0,33л;10,19
;;Вода;0,33л;10,19
;;Печенье;195г;13,49
;;;;
23.11.2021;;;;
;;;;
24.11.2021;;;;
;;;;
25.11.2021;;;;
;;;;
26.11.2021;;;;
;;Метро;5шт;40
;;Миминоши;1шт;150
;;Шоколад;85г;17,09
;;МаслоСлив;200г;50,44
;;Печенье;195г;13,49
;;Молоко;950г;40,62
;;Сырок;40г;10,15
;;Вода;1л;14,39
;;Батон;400г;19,83
;;;;
27.11.2021;;;;
;;;;
28.11.2021;;;;
;;Метро;2шт;16
;;Макдональдс;1шт;124
;;;;
29.11.2021;;;;
;;;;
30.11.2021;;;;
;;;;
01.12.2021;;;;
;;;;
02.12.2021;;;;
;;Метро;2шт;18
;;Макдональдс;1шт;68
;;;;
03.12.2021;;;;
;;Игрушки;1шт;123
;;;;
04.12.2021;;;;
;;Водафон;1шт;200
;;Сырок;36г;10,17
;;БумагаТуалет;4шт;46,59
;;Банан;460г;13,34
;;СырПлав;70г;28,28
;;Трубочки;40г;7,49
;;Шоколад;85г;15,89
;;Шоколад;90г;15,89
;;СырСлив;200г;38,69
;;Печенье;260г;30,72
;;Хлеб;400г;7,18
;;Печенье;155г;12,44
;;Селёдка;180г;29,09
;;Печенье;195г;12,49
;;Йогурт;800г;35,89
;;;;
05.12.2021;;;;
;;;;
06.12.2021;;;;
;;;;
07.12.2021;;;;
;;Пирож;270г;39,59
;;Яйца;10шт;40,46
;;;;
08.12.2021;;;;
;;Печенье;150г;15,89
;;;;
09.12.2021;;;;
;;;;
10.12.2021;;;;
;;;;
11.12.2021;;;;
;;Finish порошок;1кг;125,4
;;;;
12.12.2021;;;;
;;Чаевые;1шт;13
;;Миминоши;1шт;150
;;;;
13.12.2021;;;;
;;;;
14.12.2021;;;;
;;Пельмени;777г;103,68
;;Блины;370г;29,86
;;Рыбнполфабр;500г;70,78
;;Водафон;1шт;10
;;;;
15.12.2021;;;;
;;БумагаТуалет;16шт;162,4
;;Сырок;40г;6,89
;;Вода;1,5л;13,29
;;;;
16.12.2021;;;;
;;;;
17.12.2021;;;;
;;Вода;6л;47,59
;;;;
18.12.2021;;;;
;;Макдональдс;1шт;187
;;;;
19.12.2021;;;;
;;Дерива;15г;354,4
;;;;
20.12.2021;;;;
;;;;
21.12.2021;;;;
;;;;
22.12.2021;;;;
;;БумагаТуалет;1шт;7,39
;;Батончик;85г;20,14
;;Прованс травы;30г;7,92
;;СырСлив;180г;35,79
;;Батон;400г;19,83
;;ОвощиМорож;400г;21,13
;;Молоко;950г;28,79
;;Яйца;10шт;37,39
;;;;
23.12.2021;;;;
;;Сушки;340г;19,9
;;;;
24.12.2021;;;;
;;Метро;1шт;8
;;;;
25.12.2021;;;;
;;Метро;3шт;24
;;TheDrinkery;2шт;215
;;il Molino;1шт;195
;;Сок;950мл;37,19
;;;;
26.12.2021;;;;
;;;;
27.12.2021;;;;
;;;;
28.12.2021;;;;
;;Шоколад;265г;61,84
;;СырСлив;180г;34,99
;;МаслоСлив;200г;50,44
;;Печенье;185г;10,74
;;Молоко;950г;39,96
;;Сок;950мл;28,99
;;Макдональдс;1шт;123
;;Метро;1шт;8
;;Honey;1шт;552
;;;;
01.01.2022;;;;
;;Метро;1шт;8
;;;;
02.01.2022;;;;
;;;;
03.01.2022;;;;
;;Водафон;1шт;200
;;;;
04.01.2022;;;;
;;;;
05.01.2022;;;;
;;;;
06.01.2022;;;;
;;;;
07.01.2022;;;;
;;;;
08.01.2022;;;;
;;;;
09.01.2022;;;;
;;;;
10.01.2022;;;;
;;;;
11.01.2022;;;;
;;Иверия;1шт;65
;;БумагаТуалет;4шт;34,69
;;БумагаТуалет;1шт;7,22
;;СырПлав;70г;15,73
;;СырПлав;75г;12,29
;;Сосиски;350г;58,29
;;Селёдка;180г;31,98
;;Печенье;155г;15,52
;;Булгур;400г;25,74
;;Батон;250г;12,38
;;КрупаЯчневая;800г;11,77
;;Йогурт;800г;47,5
;;;;
12.01.2022;;;;
;;;;
13.01.2022;;;;
;;;;
14.01.2022;;;;
;;;;
15.01.2022;;;;
;;;;
16.01.2022;;;;
;;Метро;2шт;16
;;Каток;1шт;261
;;Глинтвейн;1шт;100
;;Макдональдс;1шт;210
;;;;
17.01.2022;;;;
;;Метро;2шт;16
;;МорскКапуст;1шт;25,9
;;Рамен;1шт;44,52
;;Сосиски;1шт;61,2
;;Вода;1,5л;24
;;ГовядинаТуш;525г;101,2
;;Гречка;1кг;45,4
;;КальмарКольц;70г;38,83
;;Булгур;700г;25,5
;;Батон;250г;12,3
;;Рис;1кг;29
;;ЛящРыбаКонс;1шт;31
;;;;
18.01.2022;;;;
;;Метро;2шт;16
;;Вода;500мл;10,59
;;Печенье;155г;12,49
;;;;
19.01.2022;;;;
;;Метро;1шт;8
;;Сидр;2шт;106
;;;;
20.01.2022;;;;
;;;;
21.01.2022;;;;
;;;;
22.01.2022;;;;
;;;;
23.01.2022;;;;
;;Сырок;40г;10,32
;;Шоколад;100г;14,99
;;СырПлав;150г;22,98
;;Колбаса;80г;36,06
;;Печенье;155г;12,34
;;Печенье;195г;12,49
;;Батон;250г;13,61
;;Сосиски;300г;43,34
;;Вода;1л;19,11
;;Йогурт;800г;52,33
;;Хлопья;800г;30,24
;;;;
24.01.2022;;;;
;;;;
25.01.2022;;;;
;;Выпечка;30г;17,91
;;СырПлав;75г;13,76
;;СырПлав;75г;11,49
;;Батон;250г;13,61
;;Макароны;500г;29,89
;;Макароны;500г;29,89
;;Макароны;500г;30,99
;;Яйца;10шт;45,75
;;;;
26.01.2022;;;;
;;;;
27.01.2022;;;;
;;Колбаса;80г;36,06
;;Лимон;304г;8,48
;;Вода;1л;14,69
;;;;
28.01.2022;;;;
;;;;
29.01.2022;;;;
;;Макдональдс;1шт;268
;;;;
30.01.2022;;;;
;;Макдональдс;1шт;303
